id,ice1_0.01,ice1_0.1,ice1_0.5,ice1_0.9,ice1_0.99,ice2_0.01,ice2_0.1,ice2_0.5,ice2_0.9,ice2_0.99,ice3_0.01,ice3_0.1,ice3_0.5,ice3_0.9,ice3_0.99,oden1_0.01,oden1_0.1,oden1_0.5,oden1_0.9,oden1_0.99,oden2_0.01,oden2_0.1,oden2_0.5,oden2_0.9,oden2_0.99,oden3_0.01,oden3_0.1,oden3_0.5,oden3_0.9,oden3_0.99,oden4_0.01,oden4_0.1,oden4_0.5,oden4_0.9,oden4_0.99,hot1_0.01,hot1_0.1,hot1_0.5,hot1_0.9,hot1_0.99,hot2_0.01,hot2_0.1,hot2_0.5,hot2_0.9,hot2_0.99,hot3_0.01,hot3_0.1,hot3_0.5,hot3_0.9,hot3_0.99,dessert1_0.01,dessert1_0.1,dessert1_0.5,dessert1_0.9,dessert1_0.99,dessert2_0.01,dessert2_0.1,dessert2_0.5,dessert2_0.9,dessert2_0.99,dessert3_0.01,dessert3_0.1,dessert3_0.5,dessert3_0.9,dessert3_0.99,dessert4_0.01,dessert4_0.1,dessert4_0.5,dessert4_0.9,dessert4_0.99,dessert5_0.01,dessert5_0.1,dessert5_0.5,dessert5_0.9,dessert5_0.99,drink1_0.01,drink1_0.1,drink1_0.5,drink1_0.9,drink1_0.99,drink2_0.01,drink2_0.1,drink2_0.5,drink2_0.9,drink2_0.99,drink3_0.01,drink3_0.1,drink3_0.5,drink3_0.9,drink3_0.99,drink4_0.01,drink4_0.1,drink4_0.5,drink4_0.9,drink4_0.99,drink5_0.01,drink5_0.1,drink5_0.5,drink5_0.9,drink5_0.99,drink6_0.01,drink6_0.1,drink6_0.5,drink6_0.9,drink6_0.99,alcol1_0.01,alcol1_0.1,alcol1_0.5,alcol1_0.9,alcol1_0.99,alcol2_0.01,alcol2_0.1,alcol2_0.5,alcol2_0.9,alcol2_0.99,alcol3_0.01,alcol3_0.1,alcol3_0.5,alcol3_0.9,alcol3_0.99,snack1_0.01,snack1_0.1,snack1_0.5,snack1_0.9,snack1_0.99,snack2_0.01,snack2_0.1,snack2_0.5,snack2_0.9,snack2_0.99,snack3_0.01,snack3_0.1,snack3_0.5,snack3_0.9,snack3_0.99,bento1_0.01,bento1_0.1,bento1_0.5,bento1_0.9,bento1_0.99,bento2_0.01,bento2_0.1,bento2_0.5,bento2_0.9,bento2_0.99,bento3_0.01,bento3_0.1,bento3_0.5,bento3_0.9,bento3_0.99,bento4_0.01,bento4_0.1,bento4_0.5,bento4_0.9,bento4_0.99,tild1_0.01,tild1_0.1,tild1_0.5,tild1_0.9,tild1_0.99,tild2_0.01,tild2_0.1,tild2_0.5,tild2_0.9,tild2_0.99,men1_0.01,men1_0.1,men1_0.5,men1_0.9,men1_0.99,men2_0.01,men2_0.1,men2_0.5,men2_0.9,men2_0.99,men3_0.01,men3_0.1,men3_0.5,men3_0.9,men3_0.99,men4_0.01,men4_0.1,men4_0.5,men4_0.9,men4_0.99,men5_0.01,men5_0.1,men5_0.5,men5_0.9,men5_0.99,men6_0.01,men6_0.1,men6_0.5,men6_0.9,men6_0.99
1,18.517360963946604,21.04341206865434,27.06056500270224,62.29730370346949,128.69010066226073,63.46228833751797,64.2121381047732,65.50405668798943,68.52182580366386,71.70516220024149,25.698088660870397,28.086027051967434,33.48956311132423,45.90586829753643,60.135568558248664,18.912041611539305,22.775861578145292,50.372450505528825,79.24705043674267,94.37299751976882,38.48891560207977,40.31064015467086,61.75032893159311,81.94003804450173,171.52845899674043,83.1360573376447,86.12788283227113,119.84794136991621,161.87574737187825,177.44067384600348,54.84931498691183,56.927661223275294,70.22338201423814,97.81571542839602,112.62997614888707,80.57027197197365,92.91493767309566,128.57404672146387,165.85994722782743,173.4764388319003,166.10355184995151,184.91601304025912,212.33258516628837,248.54673519592376,252.14107054276164,163.20513236062556,183.96520047892605,212.4897427608026,251.64764776347624,254.87286661730826,17.763978105556085,20.000007243737485,26.25287872023339,46.69614707013335,61.579541639918176,36.08433832825888,38.00000674668103,44.47863780474211,65.75990712022246,80.50449052320755,5.000000019396749,5.0000002454146255,6.000000359855422,50.96720495827005,65.23883411579163,25.000005442525413,26.00000444618771,29.99999925155657,58.914918698163724,71.45826490734389,32.00000044653069,32.5946751525165,37.8859964732018,66.30711584867144,84.33828502846337,37.230899737588125,38.627276503609615,47.27276206638199,55.43667112998901,64.85609267528784,32.89791525225613,33.951612460438355,38.70527438932936,44.98760861611154,53.36390384809306,21.08098785312868,21.839192827376955,25.528476986211516,29.232438586168268,60.50057444229067,37.79306082950115,39.62763397845836,45.24439687123584,49.459739644420274,55.68007858673254,21.966309481177753,21.999998988471557,24.117844612617525,25.851799006970396,27.68106202106839,7.000000014648961,6.983173698821658,7.9538884139968395,9.741302061819288,14.417865455895663,36.521869504760744,42.407629634724486,71.71818481215534,95.96344564770185,103.07089507384997,18.000001519795063,20.071107178306445,64.06132599411929,100.9999994949486,111.3448635023858,32.000020019903495,37.43173519199877,66.68038875079611,98.60517170194674,108.7444386937043,15.273391579525276,18.211505149495625,26.94361745615892,35.98860835790328,40.742328467958316,7.396618804906183,10.802008806092555,20.99999999282494,30.26581903095233,36.2152128139679,23.643396218866112,31.016600176528254,42.265663602191665,54.21009089150507,63.87640224838724,7.904695836535187,9.000000157418052,45.61709272737391,54.633250632849716,58.928363892436025,9.00000057515317,11.99999986527053,37.14855373310057,46.25661349749847,50.220734175102145,14.807193066219753,17.429849777024206,65.57085739777155,74.20322044549657,78.9030336992504,6.511063401592339,7.107680544794403,26.620927341875927,29.999999851321054,33.50919543651864,3.999965717285562,3.7899784339479154,5.000000226268229,14.999841899804084,20.14285612717663,6.000000146949063,7.0000007160822415,8.239673920823838,13.092220798551889,15.209677558927382,16.811920822920676,19.034547820263597,46.76546983564299,55.67211350633057,66.71923109886419,8.000000167208462,9.000000555940076,26.39144842477565,33.34270909283357,36.38743242413913,11.242429814517857,11.687476540252725,32.49324668798378,42.869907523114065,49.554945482929114,24.040333727919055,27.78149913903744,36.198412156913115,47.43870258910054,59.38759380869668,3.000000182623973,4.000000107463023,35.43770619354542,45.16727688381849,50.093971976913394,12.580476286615342,15.186132229311625,33.52146391194895,44.068356460819196,60.8958836703031
2,14.840329195457906,17.72122694177608,23.035447267329097,61.89895263106521,141.99253131144033,54.35975908780956,54.96683180369764,56.54597592856183,60.132288600950616,63.988564701959774,24.395955497763634,26.406718083995976,31.445257562801274,44.96907455105265,64.84470366209032,15.555259801139186,18.985632204792964,44.027068276077095,70.12254010411216,80.66186323564193,32.003780436053404,34.96123047073433,53.622683480854235,75.53202475836551,148.0781732730939,69.12816616695818,74.6414288053312,101.86059353286107,145.5006685509521,182.24986910209861,44.92465780284404,48.73521147936074,60.83166611308664,86.54833692156618,99.51961220417613,83.00148589280226,96.50858070354006,135.00116293654145,176.7840901806463,185.5200688973244,173.09259695507922,188.30537979360224,218.33671790518542,246.7591239504602,257.6380251971194,165.98555757208683,187.45405465584912,216.73316833434623,252.96030988516458,266.7347365039981,18.203356485004633,20.00000616957986,26.661702371556824,45.57857569668042,57.97679947600845,35.86860542731775,38.00000312195012,44.87983913076615,66.35151339411632,81.51710772741762,5.000000017445756,5.000000204541134,6.000004119274955,50.50584310536367,62.642027816355125,25.000005227913945,26.000002287988075,29.999999751662536,60.0783503152388,66.99142094346116,32.00000059088974,32.95572732927127,37.53779391478687,66.43538351045284,90.49241681099157,24.662502230211288,25.82370201436277,34.57215575506818,49.30099605660168,60.961673584429576,24.552259554026165,26.422950000842953,32.64012322734024,42.144051281135766,58.89093590900384,16.08627855764898,16.586726769059535,20.704304137245185,27.439031765203758,57.182851269510934,31.359239287567096,32.804214515581315,39.25240573906761,46.69480381067437,52.057900338325055,21.983966393626513,22.000002492756487,24.60053157524221,27.00133082774155,31.273937454984846,7.000000126213506,7.50360611766306,8.498035114287184,11.439055670583256,18.48479991927743,37.593471447703365,43.15995619834329,73.57124246041374,97.12014675850973,107.23327263852168,18.00000204575831,21.055305879955608,65.7735396412767,100.99999998279557,116.28871823991149,32.00003100028556,37.14022354808194,70.8087170586384,97.82961825904114,108.70004922356718,14.96782281439872,19.31819891870906,27.055426746015517,35.96084697387123,44.59277376253052,8.186339247567297,10.220206628531209,20.99999972060542,32.69261350901021,37.07510454477601,26.652527934312822,32.9245360043863,43.932230665110026,56.146678586780354,63.987752235126635,7.994266924879383,9.000000522654867,45.53210762722689,53.66054143394676,58.16914959475398,9.00000042051609,11.999999489950175,38.46913235262764,47.72312673081151,52.65424478391027,14.293539040037563,17.90898620407622,63.84675079561926,74.87742347202986,79.60005404432577,6.38245753220023,7.476041037179402,25.238907021338957,29.999999570438305,32.69354593513893,3.999987050520173,4.410871815870502,5.000001277206911,14.999939037387856,19.750992453351593,6.00000023238181,7.000000409018571,8.664141419697192,13.403142718317358,16.423689546441572,16.888134496471306,19.224265636015186,46.203862470238626,56.56403078740304,70.054467758722,8.000000398213034,9.000001065009387,26.955457009303114,33.793045048121506,37.135360192334325,9.64844486882191,12.139581940575088,33.85613243045536,44.11260057207062,51.167195648609415,23.807598992163044,28.780571021528353,37.46574619783477,46.10684099079886,58.46205896036831,3.000000176549558,4.000000136125023,35.86691962525976,44.058878977192826,52.52438774168267,12.821372521313108,14.996723165380535,34.06302612202212,44.813362409381554,61.19402228178156
3,4.988516848479066,9.192349107802931,11.767793460028408,37.784891559477266,105.41094766427814,29.853153315440796,30.132111692104264,31.93901649923854,35.173274480922764,38.78755136475039,20.532185639574436,22.027649479232814,25.185196976337526,35.36106589288784,54.87182068313693,18.757044346624866,22.600574635653924,52.268541943989774,76.20930449652833,82.33280711633942,39.04340660042859,42.75426731962949,62.0620022351089,85.90487809363589,153.39608685642577,84.33376001466385,90.81362214922135,115.77893988969942,161.00012563382623,228.64616263698693,53.92465809388064,58.99616486640343,72.2174332318607,94.0539153284069,106.28454577779601,82.66397252183398,96.79903534791555,133.12090899600722,164.18089819350863,163.86212788741395,179.7249100559751,190.42504073961808,221.5088979534125,237.0800962682943,246.1126778604664,165.81410008680137,189.42865751468614,217.2312538871503,244.05228325689933,262.4434472117088,18.54231581061928,19.999997562117073,27.283972439205257,43.881131095251945,54.77351074904582,35.56204669548673,37.999998759054144,45.55941161183003,67.46158652391509,82.05886094144242,5.000000014089637,5.000000128800209,6.0000078432732575,50.05150301941692,59.43729778700095,25.000002116426167,25.99999856390968,30.000000469322035,61.920189700396804,60.6157301925392,32.00000048213856,33.12157939994687,37.01487028983502,65.91488350673943,97.91674349334697,-9.602497945523643,-8.490896592376597,1.399127324581636,24.73946126157334,40.27474351462456,3.1242469964341257,6.08868488592025,14.838675099047942,28.410822706476104,53.880772044472536,2.49391519193414,2.7863198861521496,7.993707061309499,18.382239402477712,47.56501804206944,14.03783145497014,15.001241623010472,23.131863582472388,34.676621797002234,39.65576874085112,22.014941177404523,22.00000678524842,25.3409185538002,28.616310083066857,36.35392756736791,7.00000026546104,8.179086500630298,9.248576676076311,14.120475767338812,25.00318739488721,39.041092927913,44.185908028261935,76.39970427148207,98.4371458826818,111.98570302045924,18.00000337496455,22.188489193774398,69.07840459225194,101.00000062125862,123.35395994929132,32.00002850183491,37.10332441557185,76.40435704013785,96.87005715389444,108.8299396862798,14.135248320809966,20.329715893859476,27.196767408532892,35.9533251653178,50.180997688603426,8.932916863344227,9.55242257224711,20.999999347747888,35.40330243723429,38.14466194648417,29.414236988127232,34.61582935369133,45.74282523059185,58.86997738148161,64.7040947251074,8.177406169176109,9.000001054799421,45.682592507273434,52.489171298985504,57.4645723707974,9.000000211369102,11.999999378192838,39.972026183024056,49.763365815417394,54.688881632160495,13.516633083277547,18.240941790592796,61.79738426014721,75.78301895221266,79.55214932685904,6.504542671384036,8.01183453122112,23.574866986731642,29.99999914238555,31.689566660868906,4.000012339256915,5.146375497033253,5.000002264817116,15.000016267485842,17.808534605938256,6.000000105004771,6.999999960659777,9.131339641752223,13.49227192192626,17.402529637944248,16.95429939913739,19.26116891328506,45.85100468498422,57.26574297059927,74.62816902537041,8.000000764827131,9.000001234349218,27.855148006014762,34.20881256181899,36.91171894506474,8.128877954566383,12.732287188181413,35.614680299384126,44.82519419995701,52.32208252752902,22.87322127512295,29.779410855579474,38.6854606993786,43.547643555639915,56.49700960828067,3.0000001517670487,4.000000144021307,36.6460716718511,42.58499501673586,53.514109557971054,13.297502063919937,14.75487379549886,34.74830729241352,43.590625418724834,61.80592355591562
4,8.008567398585527,11.867778054311026,14.876995744646814,41.92286597638483,105.88544554096597,37.58981942131724,37.92748488663775,39.578257731107,42.6178302481029,45.98384195323218,21.695008260571278,23.28392789973529,26.881922203059464,36.90854439891905,54.42829233425312,17.299130571471807,21.545715592392227,49.99832778857412,73.98019792431825,81.73703878773463,35.77451618528039,40.09567754309438,60.27374560870653,82.07856672921845,151.38440093891907,77.2729477054958,85.23313085480484,113.49728730727644,155.3848840058774,211.5437114248228,49.86121810544947,55.62749382035612,70.01458642305134,91.51370852665227,103.56217402276096,87.23692302604533,99.76404239267586,135.91558628673968,166.91223923600487,167.38901993619075,177.99664291381188,191.38951059550928,220.61968036752856,241.04506856836124,248.04229016724216,167.82096950810865,190.1643325434902,218.42677186757436,246.95900111791175,260.93634518671047,18.48796596204758,19.999997452845633,27.384321749358847,44.38654787692577,55.83185554291267,35.83524143478277,38.00000053622546,45.841255482641444,66.96872247549236,82.22944148093075,5.00000001607385,5.000000155217558,6.259265029769583,50.28226726649706,59.962798681766316,25.07000234118368,25.9999996603003,30.000006162466477,61.3335408164731,63.00606167403403,32.00000111439939,33.10508923644378,37.312179244141305,66.27211819289894,94.3978217356083,-0.8074959504654036,1.393171229174801,10.80434433119053,30.938762280734117,44.972609891257974,8.912102127033531,11.754070248372054,19.458023339879123,31.234791575502737,52.351265659792006,5.128011653004658,6.1217199388746675,11.362906298417704,20.133002583708674,49.27498829004159,19.54774841784328,20.634506916479147,28.192026213864878,37.908352891570814,43.49852412194761,22.26663809557663,22.336553844528353,25.416816476652606,28.410478105723904,35.090798447555365,7.49122828814027,8.484976089023167,9.711844785811333,14.168708675730516,23.640065985545515,39.37567149880512,44.68649366642859,75.38559546811456,99.3633063542666,111.8858423274709,20.94000285421394,26.029488047272938,70.40112660084289,105.07142899155198,124.78961988068707,33.12002294118796,38.30459850204879,74.223213637984,98.63618212465292,117.00618992010465,14.698968813903724,20.048847854299407,27.26218336021118,36.22767132756761,48.07867887283188,8.357735952807081,9.922129053673306,20.999999736899785,34.215728225357935,37.50314571307629,28.58588716322556,34.02431777392716,44.94149741602241,57.71608667169547,64.31854002000424,8.225883988650448,9.00001598219676,45.66882409876219,53.04087322861151,57.71512348196556,9.19445287293697,12.000001858931373,39.45998875561284,48.83953355160517,53.18210628997629,13.811675409344911,17.957863919561493,62.80498762106441,75.61691490646118,79.65928334164099,6.5261996059254,7.814876900254197,24.25776713237839,29.999999285358705,32.02396854501817,4.0000048022171315,4.850857969849097,5.000001937680052,14.815770426412827,17.792040527375143,6.000000054474284,7.000000120928936,8.902047169718667,13.185864812167258,16.518288988001053,16.83072182350464,19.045950918867007,45.771819636581135,56.453164809939004,72.09273513118947,8.000000659964051,9.070000975719406,27.586005442871993,33.75742960303383,36.42760323396214,8.864578527233583,12.400634991866587,34.87117498456994,43.93646753775731,51.133861764255535,23.25983889758845,29.214479888273058,37.83678838630879,43.92752864164319,55.71038367047171,3.0000006946106867,4.000000133660546,36.484282458407336,43.00756995989455,52.17830374400274,11.679057468075701,14.731483770252545,34.36001639297751,42.92969741024842,60.020492805277996
5,14.049975941740463,17.140581612152552,21.883132466976242,53.77296116523142,119.42313661580394,52.46520103764228,53.0393322941385,54.486990285154036,57.52504669770648,60.798081378155956,23.998680165058964,26.04353840999967,30.68486098264551,42.12185309662482,57.84257903627148,18.1462613462782,22.164501812198232,50.05188127410613,76.81034694163735,88.75393134214339,37.17406362396471,40.07596542281418,60.930975134337885,81.8194830170315,162.52524286174838,80.29597411034192,85.443292635015,116.75546003368719,158.73141880450638,191.71260529188297,52.49531652137563,56.166927360826904,69.90391943488952,94.89331774923723,108.50339120598053,83.4638838746925,95.89721021610572,131.82557650734256,166.57277580020005,171.2248125375132,171.2382796579011,187.71833585376893,215.9388876603109,245.3926220648338,250.56200583571265,165.22316785436365,186.65259026394975,215.0882431214991,249.7350140088577,257.67282974450944,18.077317047750853,20.000003108889523,26.737917323301307,45.70591942325802,59.09491512691747,35.9773188956687,38.000004073666915,45.06213998200465,66.27631368046843,81.25291924201014,5.000000017975424,5.0000002068648115,6.111113808709125,50.671318330649385,62.97021469081457,25.03000413791228,26.000002398262655,30.000002213924343,59.9512265280002,67.83068336435115,32.00000073570972,32.81693280994259,37.63989778331364,66.2984825504208,88.66870415179109,21.05831123511441,22.796582159397953,31.76155232374047,45.07003940186495,56.46371690258135,22.692622537711916,24.514313701013965,30.530170919598856,39.175702482668115,53.050324351641045,14.295276307551877,15.152698326303696,19.50335539545222,25.387989871408273,55.72887543971302,30.03803946952818,31.551007916567457,37.99611355013431,44.57723436670941,50.51908375103069,22.094991334743483,22.144236794277447,24.67465531098454,26.949944070174844,30.86127926813269,7.210526417880535,7.6280052173444295,8.708163747991183,11.638460982950113,18.368675732240078,37.746900804307515,43.38558587081687,73.29047162769022,97.42482853120835,106.86408530794378,19.260002087191335,22.628246218740482,66.77277342746368,102.74489785171582,117.11259008664716,32.480021445228424,37.80212943742269,69.9204648622883,98.61625511288437,112.2834301045167,15.030356481220574,19.005247459525904,27.08043730835656,36.09074791444012,43.89015275879547,7.812809802014053,10.422802098629427,20.99999988268667,31.968121301033936,36.769580904680964,25.77866252111271,32.316964290381144,43.419412548823686,55.71527977470107,64.06109501482015,8.041963853316863,9.000006939796297,45.6367629801108,53.947751600315115,58.40416926620965,9.083337273920808,12.000000715513348,38.14408376176682,47.36575729898492,51.50544312909037,14.380330195160195,17.65980959248183,64.37983845755878,74.81037679356349,79.23716648250877,6.5146999774541685,7.4111057197684795,25.603806643009577,29.999999608677996,32.87030290276312,3.9999825384440326,4.2466967187184235,5.000000965483262,14.92095478139081,19.147126763351174,6.00000010961936,7.000000460747493,8.525268193530053,13.135849933109045,15.778587928418473,16.820443792729105,19.041722485416813,46.335000213300646,56.012937735437696,69.0277009908213,8.000000378332853,9.030000741362624,26.903222789370176,33.52297724568943,36.416928238151755,10.21481637467501,11.994107803466227,33.51559798311259,43.337828981390146,50.24363177920683,23.710884863769554,28.40057280889256,36.90725677277178,45.93817571638531,57.8162570746636,3.0000004021821187,4.000000119015634,35.88526817842167,44.239440006008834,51.01199566373692,12.193266066776758,14.990810215102918,33.882249975886864,43.60142621628235,60.51941735125252
6,13.867933327806327,17.203903139876324,21.08436570121961,40.240118532899615,77.11580513185908,52.2205139407179,52.76284795311235,53.895836945773326,55.819245272730136,57.888026994043095,23.750163887423263,25.913095661896946,29.99695704409104,37.46150449652873,44.474931598048535,22.61830621889336,27.889571960446332,60.75776932985457,88.91939829411548,104.30132393077085,45.95901134486188,48.90560719309107,74.28212272952722,92.46765918357796,189.88886052023454,99.27145106262233,104.11388287414928,144.528842269743,182.1649113481828,202.9006294051007,65.63807770958473,69.19479135086449,86.4423489290037,110.08063697214827,124.91548753914495,85.78060503728105,95.59714985768144,126.56195657225648,148.02549766708748,145.34729368031404,166.7934370704955,186.77262068322298,210.8429601631907,244.36668605973546,237.84486958064335,164.3556437049767,185.22457913677087,212.2192100247421,244.72090368186824,239.70461581047073,17.799474117283843,19.99999748044541,26.889803336219334,46.184643300610794,61.744661134862696,36.28681871669252,38.00000666982526,45.47417677424306,65.92937040133407,80.76505356617432,5.000000019765897,5.000000222848859,6.407406528997071,51.08526437660842,63.914315517060416,25.110002216152857,26.000003114468598,30.00000873211688,59.441669921765225,70.48420644808716,32.00000121675676,32.53345178067185,37.95348000530065,66.16350735596245,83.70075567747334,18.232071625585895,21.432666104887534,30.623303027211616,39.794580250280916,50.03539192472314,21.783267825676628,23.423197427033312,28.613386327046744,34.85254165014186,41.39841954249209,12.207148660191205,13.985485419485459,18.753253770337654,22.320264497047006,53.83968137458456,29.91274466297883,31.617632403235945,37.8066564808434,41.964148511182884,49.240254030047566,22.387429804084654,22.528861516370462,24.809729322593434,26.714858791782625,29.443259551687575,7.771929858825887,7.93449578925125,9.226883753748783,11.923487055315649,17.435281633213165,38.084547245728956,43.93375359958179,72.30625395229671,98.24461477044618,105.90131194252558,22.620001949764852,26.82463476323034,68.98197121085161,107.39795881002823,118.84673055395805,33.760001194419125,39.46389085635472,67.26991196861329,100.73538334666458,121.77676557494993,15.361902152304912,18.263193023681268,27.143009464431042,36.428689557532415,41.62657736913546,6.874203650021135,10.96122605074645,21.000000334826527,30.069491367210173,35.92914799000705,23.69590837256983,30.874292481943744,42.09232019083969,54.39880527705818,64.05457529019787,8.14180446877765,9.000024014475475,45.8302567815562,54.729472812768684,58.97110893234348,9.305568893403127,12.00000387275771,37.28586196797447,46.29458318656299,48.71054948015417,14.674600661444142,17.0718327286797,65.82021895030618,74.5883845667732,78.56334065986707,6.774168683748365,7.200234847463199,26.59927840456423,29.999999746112586,33.36240702238408,3.999970297223837,3.802989467299989,5.00000021273764,14.71034219051275,18.049053416114468,5.999999860069244,7.0000006307191365,8.163154765680988,12.516148266075522,14.204750065015942,16.647506188445004,18.617749036885044,46.58257566942807,54.65693353075056,66.04368341078796,8.000000291141061,9.11000002264941,26.67890707483,32.8389982336965,34.87569548538791,11.613492861959333,11.582217908387227,32.544975195409826,41.52120500376401,48.02515775933714,23.68177507009406,27.4412571899888,35.50274707806846,45.83869498267607,56.40173817291165,3.000001009976432,4.000000082081066,35.836992520345206,44.786824812209744,47.60573643559375,10.450401921285113,14.982856387119774,33.37997761310513,41.08669851431901,58.62863406833548
7,10.020191075755207,13.858223798544207,17.12028908060779,30.91348100716992,63.96637889998783,42.271029910055354,42.76287975754412,44.00239103934301,45.85515900138946,47.89049516120763,22.19336176601794,24.364332311707624,27.73073534867766,34.358800100918096,41.15828339224202,27.275052258569897,32.218389554698014,69.07473251036552,98.52124858071016,113.45468712472109,55.77457312639014,57.19452530707994,82.90739047067338,103.53665822657707,207.41580120653342,120.47307838202923,121.63965729167674,160.38062597859115,202.51427768348367,232.8491968196288,78.95890398176796,80.57231344593411,96.83064281583763,121.60233674710084,137.70560351516096,77.13227458848961,88.87649573265098,118.1794611286812,135.75767372427399,130.02792173514462,166.2693881883266,183.54680537202134,209.13684848426445,237.95281663718475,230.14223641725266,159.55688593798354,182.28182458928848,207.9261203905151,238.2576195568677,234.60331625614404,17.671313002964332,19.99999718823484,26.572295479825588,45.827752049202985,61.77898840693088,35.94461072329657,38.00000544041505,44.88317715680639,66.49916964760699,79.97444671308453,5.00000001736153,5.000000195599292,6.000000655875682,50.934412470778696,64.1984630765074,25.000001593854314,26.000002179587625,29.99999958472662,59.91773918688291,68.5277919269306,32.00000012513369,32.36958522129201,37.62329533328026,65.4612702096631,86.57845822947183,7.406092035343521,9.026320117107979,19.05402302931582,30.521772974460678,42.30455095059546,14.844535749738736,16.33855314979628,22.639091343625612,30.334291088455068,39.93984486205195,9.261091111752101,10.061501080121635,14.664238005007716,19.468124580313745,51.87051082073897,22.815085162127794,24.492566506640568,31.310008956874128,36.97662344900846,43.74438604922284,21.985523304164364,22.00000034989904,24.502491872408132,26.571860310303602,29.97438672997523,7.000000061414542,7.23557737094103,8.276325188918461,11.196341899680778,18.029087202996017,37.11661793823005,42.83791671212379,73.17646643133963,96.28081335366883,104.23041651064102,18.000002629489206,20.357789445590903,66.3226424316633,100.99999973852255,114.59977370539714,32.000003204898455,37.741698361666614,68.99636839782333,98.29122326209473,108.97075432412528,14.548927526949967,18.186625087239968,26.992848555889285,36.0128293896305,43.39047060102977,7.411611020640527,10.635300275152066,20.99999983497627,30.862382994527394,36.570767312484946,23.59076989069581,30.90423566035247,42.608022108697355,55.42657498570329,64.68623767337013,8.036542932281607,9.00000041134495,45.92058742476519,54.2819538396903,58.931346812844275,9.00000048899969,12.000000179421571,37.50996863960487,47.14870463982396,49.91542559114281,14.412383228969764,17.279000541424978,64.98369801590209,74.5705595936731,77.98195431366966,6.8306993042937165,7.362586601321254,26.122119556415317,29.999999631176212,33.1858774593334,3.9999728911635484,3.9980930163054764,5.000000238400783,14.999824444489843,18.057540202105745,5.999999873447499,7.00000050131527,8.334864816352226,12.827409050067784,15.009538441572255,16.80558863163503,18.849858425027687,46.99017987733996,55.50203821810349,68.6603940533407,8.000000367523985,9.000000153309214,26.886589167561965,33.338084798561546,35.171416897233364,11.195432379896078,11.914551568819936,33.14052237043401,42.28254790601737,49.097430451282314,23.09167573901968,27.87230274563506,36.251042998008245,45.69494740112438,57.92915636525327,3.0000001573416024,4.000000082628669,35.939398187171236,44.583096032919435,48.41130017659946,12.913376887969676,15.099543325364357,33.760819804231595,41.53532886246455,61.337804819996336
8,11.314394646664528,14.972521491690253,18.60842769899744,34.459971432801915,69.95873254937506,45.492335135858546,46.02639408782661,47.24488777690971,49.17471919888418,51.27544881489599,22.707095473726735,24.93762130187199,28.56596355586154,35.73760920306581,42.83958336540112,26.65404968315031,31.51724016640431,67.57729661852835,97.21992445775297,112.6040888782728,54.448616138811516,55.80721566093785,81.30224890538936,101.72144975876697,205.59741775198106,117.6090111265834,118.74373451324908,157.53161607767865,199.5025620030181,226.20360857260232,77.19178066649854,78.69508355409194,94.73436898816938,119.99697358918532,136.12856900828646,77.28919321530442,88.99177760101757,118.7403150979145,138.10134675803167,133.75916088099913,165.5968344642061,183.38273955467562,208.93233715117603,239.30466488757878,232.08767254927687,159.7046357957473,182.14357812423054,208.03932145041392,239.6320048437611,235.75978410253165,17.64055894324229,19.99999841311705,26.498323272086754,46.02943097070863,62.09381916124694,35.98042204336853,38.000005925666244,44.800400150373484,66.36114779456916,79.93895690113415,5.000000017771668,5.000000204994245,6.000000270982453,50.98125183586929,64.55779333810342,25.000002044279988,26.00000263498665,29.999999500674694,59.696737902406895,69.27345749233618,32.0000001475624,32.36096787271596,37.68525311489953,65.54384645947275,85.75208870395198,11.917090284262597,13.534295248137209,23.397808714455678,33.88181286231889,45.190600780811884,17.644150247951334,19.012481407554244,25.003103751681873,32.238856938515895,40.923669234648564,11.050132457827203,11.869943214336113,16.330463296465105,20.727752082057837,53.14595118951517,25.091917446860435,26.82342139176809,33.42880645847671,38.63116889860012,45.41793853225293,21.98172261843077,21.999999869750823,24.414313977705365,26.383776726940415,29.381747487185372,7.000000045745579,7.158654339067821,8.189352234201403,10.874775251804,17.244725162535907,36.949838748391514,42.719403617420916,72.84000448780318,96.13708648799343,103.71126260483706,18.000002456189808,20.23363587978463,65.90956802400407,100.99999966563604,113.7731938500025,32.00000405757937,37.734318161078996,68.35109014995955,98.39890132417402,108.94960242371833,14.658528276908772,18.08584651785921,26.97688100532223,36.012718904176296,42.73405459347814,7.3360353547780734,10.708383986345442,20.999999878099633,30.568586589075437,36.45054494251963,23.315070263296363,30.738261805549563,42.413789386380415,55.10933342715894,64.58526535508477,8.013418563586237,9.000000348774261,45.89460446638705,54.41225719679262,59.00205791145563,9.000000513103432,12.000000179415627,37.3459815032676,46.91172334513813,49.721844511443294,14.504595252872816,17.25103197982891,65.21068774777962,74.46639561506578,78.01972100094008,6.806993380667526,7.299614125451535,26.307218918487724,29.999999682075963,33.29835523565848,3.9999700927190758,3.9167214261553727,5.000000138700977,14.999817306475904,18.3273811687563,5.999999896034855,7.000000554063609,8.284500755181284,12.827924252291362,14.918314175926257,16.79916486120862,18.852756523734723,47.017606961589316,55.43759283862171,68.13124107757193,8.000000323508896,9.000000150692857,26.77844653654919,33.296460994254154,35.23739842986357,11.349847020557293,11.84685449009986,32.94061246651876,42.231937221032254,48.99771919030842,23.219529406945153,27.768659771278045,36.126565309330076,46.014558146647175,58.17884137050962,3.0000001607369993,4.000000082723457,35.84313668356812,44.752136836217296,48.37201997326995,12.853611035086807,15.12694959419896,33.6833784706864,41.74884685567443,61.26049218061394
9,14.685745562865813,17.89406838013365,22.46050727890979,42.53161975909608,81.91206228780392,53.87772069810153,54.52448826143227,55.66080148041357,57.69643434389798,59.863976282962476,24.02636722218008,26.437106694197855,30.702069885056922,38.96998932558599,46.07560744109221,25.65380478398686,30.38792984357664,64.95452674905758,95.3759122622308,112.33280123439442,52.23065173303042,53.31351486311938,78.6506872978501,98.38729886963853,204.3108258037526,112.81820754796244,113.57685757806863,153.25467107653574,194.6631225554098,210.58872225944583,74.39041069882632,75.43575951259474,91.12406983422191,117.72346002351908,134.14135042223768,77.35108261459406,88.81931649811959,119.23429694563868,142.08660397484564,140.74868979174644,163.23259045866277,182.60290813240528,207.74574586169766,242.57862930636307,235.82629593219633,159.70367817895152,181.41016575996696,207.7838101267081,242.58316548525258,236.94603555589273,17.518005911313526,20.00000131381284,26.281676915057073,46.62045429914128,63.240469001057505,36.08745233002777,38.00000746052834,44.5647527206252,65.97755717204957,79.73657574876715,5.000000018934793,5.0000002311774985,5.999998946932297,51.14284693489983,65.68383632065344,25.000003089203293,26.000003925495037,29.999999250218195,59.056470191498185,71.49901538418288,32.00000018090039,32.297940772002526,37.867408971847055,65.71520300868548,83.14051339229377,23.638162617812892,25.27688271704161,34.75651751482411,42.223367475612164,52.189572556582284,24.984243664970684,25.969718117042973,31.082731609297205,36.89060857584917,42.48310490715094,15.699878893437925,16.594659269696496,20.68178816460222,23.793773989949766,56.43153112977664,31.018757624467472,32.91945571250985,38.94483661633545,42.707792356709476,49.64091918693043,21.970995056298523,21.999998360955622,24.156623007671307,25.819658258529305,27.607770176358827,6.999999996844893,6.92187562780642,7.92697729477107,9.942565521153787,14.979835965484382,36.443315382515486,42.360572207550454,71.85537087072146,95.67245677853111,102.03487597681661,18.000002000701283,19.834087188860963,64.76858669035182,100.99999944191839,111.3070626130605,32.00000466281848,37.752767905470044,66.39346360881156,98.73601983717184,108.90710004614748,14.943331881476219,17.724412775241547,26.927275285049507,36.01581605785468,40.784733484139885,7.069837589279055,10.943875765701684,21.000000008483223,29.61130602548567,36.07487759895457,22.328521183133127,30.13272585692748,41.77342145383631,54.1581132286105,64.34339926070463,7.950302378368692,9.000000163177983,45.846066757024474,54.82433398613298,59.25357197895646,9.000000586280192,12.00000022465357,36.81575644636299,46.198760522648044,48.99048249177035,14.775146700178988,17.129987366998897,65.93210290171947,74.14944695813813,78.02112686883356,6.768866502248457,7.112732223515469,26.892616379127634,29.999999831097433,33.6511669531844,3.9999611893944294,3.657765931470499,4.999999786430087,14.999789445728595,18.985118408590008,5.9999999368363435,7.000000710423912,8.11937959919279,12.791602811676531,14.565557122530413,16.7754427674754,18.836439435931663,47.14736983454974,55.18425475470028,66.53195864858031,8.00000019607704,9.00000008339643,26.465782385981512,33.14799500266584,35.296500109648775,11.891379037917284,11.639186689268763,32.32401447381676,41.96760679307115,48.5777465302571,23.53684721244925,27.413721254808316,35.69214643426622,46.89822818205779,58.85532086766112,3.0000001691511593,4.000000079482206,35.573604428330256,45.268213294831845,47.99012314445299,12.689351864452076,15.211790401610779,33.44287958435902,42.14208897417363,61.04963339793225
10,22.173616864727194,24.286743739973637,31.140944240107178,66.41374141817937,127.12140155712733,72.53249060878474,73.41552497538314,74.50930096384789,77.26446743378817,80.10878097698074,27.053396767355046,29.736431844384864,35.6486795728795,47.98317938922687,59.099643571979996,20.281182314232876,24.32183831794011,52.60718628134389,83.39105025001085,101.8067948139665,40.996179773648294,42.058183043413116,64.95448288698181,83.86590356623903,183.84543431753858,88.55174729041337,89.9708823956681,127.70726327946386,168.57399250526797,167.2491037604272,58.9726024144178,59.874166717126045,73.66211533365743,102.93464184873913,118.90393349063507,79.25879020841494,90.84898098593422,125.26652556377068,161.75675115163068,170.20593275271676,161.10616778927394,182.6695472483531,208.44712303266593,251.11353801628223,250.9131206424564,161.6706423599869,181.68625427442743,210.02519215016193,252.34811862671305,248.90105979523992,17.46239891527403,20.000009236712067,25.922732947144056,47.598059779557616,64.12081654957001,36.255033170613615,38.00000948750047,44.14352452085036,65.24832197892674,79.84810392319035,5.000000021034669,5.00000028060571,5.999997646496294,51.29976085595729,67.21516178981523,25.00000606537747,26.000006259922593,29.999998854726005,57.96393063520086,74.99713780072243,32.000000382978534,32.36504707534188,38.166045539819194,66.31907133489476,79.68214148075074,49.823636730268596,51.360152930941034,59.763507727974385,62.84882856999946,70.38355165165054,41.04590832156477,41.464023263416586,44.986557444447996,48.802141039638386,51.06733786328137,26.081394709205416,27.018002541450194,30.290729184052243,31.70205292568272,63.9171844398126,44.20398866251645,46.335192319714146,51.2132341238122,52.953246601436334,59.71720207431891,21.951388913280113,21.99999632668908,23.727132027015045,24.94524150041543,24.842383079887867,6.999999929488881,6.581731607127796,7.527005781008213,8.354578131842516,11.080644760280848,35.68611232512812,41.819323953480094,70.22046781176644,95.10096172682601,99.96512080395225,18.00000100971743,19.335215423157546,62.565837820821,100.99999911779,107.42667339488239,32.00001425394607,37.601475975589935,63.45762928522548,99.19581012499705,108.74841104667681,15.579472638351797,17.426430228665897,26.857981983002936,36.00542016121399,37.67689328713449,6.832401708369491,11.23668879753976,21.00000020595882,28.464762495118435,35.559433141456154,21.506920544058083,29.67161822734074,41.03703518624991,52.68241896377808,63.698204830830264,7.824807422516126,8.99999986630988,45.64054906086618,55.36885139951221,59.468661330640316,9.000000695796892,12.000000094182836,36.16398791554548,45.10331379929607,48.52503631246935,15.221199434537045,17.107063314525853,66.87035801120585,73.67823666544415,78.51914944508844,6.563612284778778,6.814228320474922,27.666026982481107,30.000000078232244,34.1295318526372,3.9999496490683613,3.3224035706255153,4.999999476378181,14.999774856638476,20.676585097482576,6.000000119511024,7.000000960980963,7.92577129441651,12.903143181832744,14.369581333142246,16.758419854331876,18.92199870711641,47.13796632074353,55.057720069363,64.10703314839496,7.999999978238837,9.00000024258632,25.929329960624376,33.022574638804485,36.00331446641051,12.383299034316998,11.33778565691503,31.443641730143316,42.05667597915682,48.462682728046246,24.321927005476073,27.05893743729844,35.289473918787586,48.6001221087066,60.22481003398546,3.0000001900373827,4.000000090084764,35.07077976317439,46.02794712266727,48.56868894795664,12.368270488544635,15.331591412989656,33.106568057819494,43.8471597188189,60.62959950681348
11,20.920819520436286,22.949823904410607,30.03572730125483,78.97306708342347,171.43663690472894,69.4963670696182,70.30077612724727,71.79085570600867,75.77274201216615,79.97279465012679,26.816304826908937,29.098023154980787,35.383354963441775,51.57389740516947,73.14752736694604,12.419714121280961,15.445402519788104,36.54068542586386,63.462988305919296,75.9792510784336,25.337833031402084,28.047944210754416,45.54140996089032,66.51158338535993,138.3172280836598,54.72971902440804,60.19676035069833,87.36537144284425,130.28995026866906,150.428436177858,35.986301520362005,39.33994616042284,50.3297628414024,78.33238985174654,91.36176021063375,83.86115603780675,97.21706217685751,137.97749605274356,188.54345673493881,204.0139609540667,170.14886656565287,187.65895055696137,217.60664234206348,253.1978134445735,267.2472846271663,166.8159021083935,186.9362862307051,217.45927240273275,259.6395352410099,272.8126877163421,18.07384504312921,20.000012026760846,26.322616036446224,46.502940228044764,59.34070759355673,36.03200538890108,38.00000530620401,44.49799680512772,65.71154026294019,81.3891671317082,5.0000000193392475,5.000000248077509,6.000002424392461,50.71193656253827,64.26319146853866,25.000007389449962,26.000004390785513,29.999999367884882,59.0628199386501,70.39481589317602,32.00000070512,32.92956296546345,37.82156056201952,66.83878895524963,86.77189693939182,45.86684921670954,47.00347261435484,54.96505458616501,65.2324361513487,74.70425759213813,37.68888449974307,38.98863990431078,43.77455956990971,51.201435331536324,63.867324941236895,24.49539443626709,25.07836956231367,28.528808026972104,33.43304911633371,63.18820865636735,42.057853530292114,43.7465930805947,49.208228118826085,54.550647909930106,59.96886376193149,21.966401680993275,22.00000032796924,24.19612903854163,26.143844274758155,28.570808994898265,7.000000055449864,7.155048630820526,8.102054670822657,9.961622935975544,14.877903467416761,36.835337775096036,42.62083784040791,72.0286357601054,96.47672691055523,104.90851509521839,18.00000123298413,20.498872151193428,63.855732704244794,100.99999965230413,112.51568360646824,32.00003557673216,37.09225251146645,67.87469862192646,98.31553260319326,108.59622615160013,15.483002225790552,18.87962533517044,26.983234583808592,35.959133192521406,41.593255993992265,7.855733983045519,10.547650378109445,20.99999991683954,31.380032724355914,36.53232617593501,25.451938526332377,32.20587203721307,43.0671119953451,54.70025225444533,63.505889892187184,7.886638683755709,9.000000236659398,45.40327549376006,54.24710083790144,58.47760991901159,9.000000530095301,11.999999473950453,37.73504875387577,46.6434833950729,51.824902372541665,14.71606489879664,17.794590324344178,64.86728188212895,74.40413123582796,79.81171777532363,6.262742565389247,7.188242211653415,26.072119039813995,29.999999803779332,33.20088460183831,3.999974472196686,4.045150998739578,5.000000841459494,14.999908771749778,21.034721210770748,6.000000344869081,7.000000650154136,8.439491954644602,13.41885627455505,16.035726308275834,16.860420525099396,19.24630510385875,46.312139488359286,56.29141283228644,67.64632572272393,8.000000195927742,9.000001074063293,26.458301929402285,33.6116169680141,37.485161738656245,10.324762873468154,11.832578163352697,32.950731967649816,43.92158069864047,50.755278621391845,24.413841254154697,28.32361378904151,36.91979878498878,47.59041781344372,59.62594372619615,3.000000192653995,4.0000001378014804,35.42128550392619,44.82634591620799,52.43851253903172,12.543602878577484,15.120738096511923,33.71287000228085,45.874039800001995,60.83412790737397
12,20.932151811913435,22.99283488017004,30.00558466378294,76.94501982398404,165.0364196988856,69.51399996695001,70.32364127113762,71.76513015159183,75.58013959721465,79.59805577096813,26.787300312339177,29.113789068919345,35.320730829060516,50.951797035056735,71.14395821190622,13.503881998211803,16.66954031991038,38.782856218756585,66.17963040738964,79.40325307294043,27.50758084656092,30.012598826314917,48.226950776535865,68.95639125685025,144.38994284884984,59.41637423418142,64.36591733081266,92.8897492214847,135.56822318914345,153.36427699393866,39.15068502394118,42.201370296821274,53.57684424961997,81.68609098983022,95.09070926679534,83.25039304293227,96.38377871688499,136.27589874871575,184.8229402567813,199.22862059793553,169.06250599595282,187.03555003254115,216.4510038300955,252.77279985826718,264.9187365795013,166.13630108430843,186.27633642756447,216.48897696842207,258.54146270377805,269.5999260447304,17.998681849038395,20.000011525587958,26.27970083013671,46.62057222660585,59.919689732242844,36.05657160267547,38.00000578833754,44.461948782146465,65.6678923724321,81.1948595294212,5.000000019510016,5.000000251177004,6.000001853814059,50.78219435629417,64.60163435512753,25.000007166773276,26.00000457867538,29.99999931155285,58.946941636407075,70.90098193163284,32.00000066104352,32.85787709296519,37.85873519390909,66.76230360179251,85.95481244767424,45.85357313381665,47.042035193581434,55.07952403146761,64.53617304228153,73.81350856368118,37.7967004791547,38.997504444283784,43.65666944638452,50.671812555963015,62.10525253609194,24.492286675941436,25.11854575008322,28.562582927586075,33.06420865167011,63.13427038832615,42.07034100788417,43.80979005602449,49.22085750769438,54.15324547905548,59.742529995106636,21.964909129419937,21.999999868422446,24.145961196529516,26.011312830640232,28.15942908976957,7.000000041047429,7.090144816012779,8.038092452294446,9.791970383909803,14.479877775907516,36.70669517692695,42.53137190456732,71.83481358854023,96.31624480695591,104.33218602534167,18.00000122431925,20.363431998556916,63.73751880941254,100.99999959192864,111.95623017191065,32.00003273250054,37.15867298073499,67.38075198068736,98.41639534129615,108.61827185187175,15.482722792863298,18.704196872415697,26.96895795651735,35.96510569109669,41.165068659220424,7.732732157886743,10.627898843262614,20.99999994906807,31.038721119506466,36.420992325955176,24.97594432234764,31.898806285210956,42.8282363697215,54.47720729032808,63.54235212717859,7.881357225032909,9.00000019622559,45.4368366392081,54.3764327100326,58.59701911509037,9.000000548637132,11.999999553809388,37.55176904370924,46.472639648648915,51.42245905644603,14.770418166722948,17.709308525496727,65.0988851487024,74.32273891956565,79.64091627118906,6.304228194228702,7.14738315634495,26.255893956140426,29.99999983321836,33.307419011980755,3.9999716003690082,3.961522715866749,5.000000677251148,14.9998923566126,20.95734013996298,6.000000313235603,7.000000684062289,8.379183842390407,13.35239574562069,15.83177225642362,16.8480317769384,19.204213084256345,46.41529087761592,56.140036190047404,67.25194097214835,8.000000172999588,9.000000967309356,26.402725500106182,33.54059796732745,37.2867200238563,10.571916905775504,11.776715699542876,32.779851539669195,43.68732896864085,50.47164912459325,24.387191140445054,28.17279005408592,36.7243101652818,47.68338622000497,59.674117520581376,3.0000001919236343,4.000000131646713,35.387310775920746,44.96147009863175,51.944803774043066,12.52795354950818,15.144710758468136,33.64377926267518,45.58832568733178,60.81675275392551
13,11.861540066826441,15.420546926692754,18.432198905669715,39.01567516845715,80.36688582373681,47.62710339571463,48.01602794536849,49.26664901159843,51.358917095215176,53.65257106303737,23.072509696325024,24.840016119177132,28.671649498860305,36.01850225277526,45.56858100474528,17.86495743012271,23.451559146523582,53.20014554823027,77.92912762357389,89.84498086048642,36.32426183368055,41.62050351191358,65.71854985710432,83.04761058841682,164.3507393389146,78.46037916665937,88.50200901257467,126.76592903862647,161.29287112037852,195.02830025931007,51.83095034656934,58.63433940535548,76.82840351142998,96.83986837292574,109.27816269429994,95.35150298507112,104.02112480165563,136.95820196502274,159.66817023307823,156.6369970854881,173.24093923040672,192.39913357093434,216.551075539596,245.83060791899658,243.00250161036513,170.30179650959315,190.54930891872226,218.59034938091966,247.9276474484668,248.16917451368442,18.26646368459472,19.99999359714705,27.654626677596518,45.32029407574695,58.74964309854258,36.40236586636628,38.000004429915705,46.53380098191117,66.09706386841958,82.23351817913958,5.000000019869267,5.0000001995558225,6.8148156556803965,50.837985022848095,61.11066741619435,25.220001405340362,26.000001499014317,30.000018407959573,60.26911524277102,67.73534982236708,32.00000232498788,32.92725873530595,37.905722308328805,66.69811232067066,86.72060796822771,8.793961983406799,13.450290458431311,22.340295587837794,35.80390965491832,47.154339405428836,15.836225381226804,18.451525771098183,24.263999136948563,32.21257328808374,43.128644293300695,7.110807512160774,9.664343654165346,15.254189322472111,20.487655228368137,50.213205650380424,26.7313589422875,28.08532604894472,34.735036877285594,40.56595886586051,47.8086925487698,22.81041952733502,23.057726068966964,25.64754821097349,28.057650582710448,32.67602204629746,8.543859765154062,9.15264469047824,10.739386530881085,14.55008893190467,21.432507089525462,40.146029835952184,45.80147524211096,73.46697934334162,101.28313935902764,111.44527747019924,27.240002072994134,34.21134486736203,73.81537187739244,113.79591837052443,128.30517257728175,35.52000293149335,41.04217300230433,69.7643986980945,102.42602485026993,134.61917184354823,15.682418557317916,19.261073756348644,27.403095356634534,36.829120247110836,43.958389063948374,7.004891642872852,10.744279218895523,21.000000554678895,31.508847844025276,36.12541959898598,26.311013055033982,32.410073655487054,43.08766719173788,55.39340915284201,63.78005571266601,8.365209554330322,9.000048006997575,45.76735306318737,54.24574168653686,58.37424658521486,9.611137139894844,12.000007353163431,38.28844330363922,46.962460883185535,49.44997040406838,14.3769219385513,17.217941573376606,65.01767738039888,75.29199362030567,79.43024759103983,6.713686375948987,7.430216715841453,25.753423679850158,29.999999553495996,32.74869483159206,3.999987954491394,4.197066828297513,5.000001073612545,14.420935831297527,17.032631802349744,5.999999829403827,7.000000432333733,8.378904622956842,12.379797149235445,14.354348355472519,16.55136737393648,18.48484359016714,45.77647921104307,54.50550409703641,66.85985382739622,8.000000473967784,9.220000188440387,27.10607063311181,32.71660279004577,34.812235082839734,10.677610041560857,11.70348767235438,33.30470372928592,41.612281463942665,48.15793106657074,23.76759986539619,27.87880164549734,35.8359037430657,44.2962784585452,53.6222740052225,3.0000018492796054,4.000000097519628,36.2583628944144,43.869538823529666,48.29349031620723,8.298104836758272,14.678914140569576,33.531863395213826,40.439141497182945,56.31370393642463
14,14.929098812028904,18.058146251891635,22.79932994046597,46.01258243212303,91.85749653233397,54.49788345024203,55.1459420975053,56.344459085629914,58.623569683830624,61.0531101485503,24.16875346696718,26.530217743181364,30.95470184348142,40.0959549851696,49.150078614278435,24.04790817043079,28.574711639084125,61.590739487070095,91.40290323229655,107.4832121926121,49.00013832146429,50.35102495929161,74.65941987007771,94.6830197517064,195.64777226708244,105.84029864351632,107.29982514956018,145.1348861322113,186.84713976133497,205.24728882806366,69.71232858088091,71.14970054781513,86.26713714412426,112.81899583655498,128.72971314410862,78.21717576628548,89.981193600422,121.67198405499005,147.6400444350791,148.03490277429663,164.58277249242875,183.42207568564376,209.2842162281029,243.42985085772722,239.39773215707675,160.66201621675387,182.2844478645809,209.1325207655791,244.35874167684815,241.56810340970625,17.614578131293236,20.000002243725564,26.32553325546564,46.500026352075594,62.51215956238302,36.06104076855049,38.00000689866275,44.597462950746326,66.00960491846972,79.99503150950265,5.000000018783438,5.000000228820512,5.999999649744134,51.056195823118216,65.29316376130119,25.000003483613234,26.000003759792023,29.999999310394923,59.17063694766844,70.95638824470635,32.000000245623994,32.394187994701596,37.828995197921834,65.83624824170548,84.09192162587051,24.55850624755032,26.12577555163777,35.46883307660519,43.84693503557559,53.984139528183405,25.396818059417303,26.492388897298127,31.716650593059555,37.99533953914486,45.088035402035025,16.061934435098006,16.901440239921005,20.968874192054606,24.54978145867218,56.76033483652152,31.45705786203819,33.29925748978131,39.35133595186929,43.58181810215646,50.28495249819708,21.972274739635363,21.999998892973267,24.20755014614731,25.963167848817832,28.05146153147674,7.000000013394428,6.995192901669034,7.99699773581621,10.110110679401613,15.366932002454998,36.58577109537886,42.459139700925355,72.05296878315323,95.86303694698177,102.71869492448732,18.00000197788341,19.994358017636273,64.84753079842406,100.99999950985426,111.90633300254363,32.00000872047121,37.660517224018854,66.93946836893222,98.61970970751376,108.87274054236154,14.965633923135226,17.94400929379688,26.94359316556746,36.00763154604428,41.238639640151085,7.222824950490224,10.848819605564362,20.99999997306224,30.019005937689528,36.20298938660062,22.923906669765714,30.519187613703117,42.06103826439184,54.39949303452854,64.27337307589264,7.952895498217445,9.000000205923381,45.795003266569864,54.67364109897419,59.104521630704404,9.000000565760436,12.000000115511837,37.03344128965646,46.38485071715699,49.50177214116114,14.719306305460309,17.240945446437863,65.66097638377795,74.23985032797515,78.2621089286049,6.70742829144263,7.155978437263093,26.67847719922933,29.999999801044044,33.52806548125474,3.9999645545366946,3.755783600033344,4.9999999909082,14.999810452146619,19.14484073202407,5.999999984586235,7.000000674632437,8.191727873706,12.882535241664874,14.82604947359924,16.791089302543487,18.894544815796355,47.011881686082226,55.37824708986393,66.96512054587987,8.000000218609166,9.000000228770206,26.520108313150295,33.23672954274277,35.580900093068074,11.584484788562817,11.701992640731502,32.51756907794055,42.2776286870736,48.94543125702041,23.598839768104188,27.59911843104289,35.934418676796795,46.83509350886197,58.839420349719255,3.000000170828398,4.000000087912679,35.60078425588374,45.11735173951228,48.657002415938244,12.69878611027022,15.184509017370873,33.5218153284444,42.575268526798226,61.05791691310199
15,5.40621336765898,10.121455977713406,9.268609186431188,8.03440235766077,5.960404637835964,32.764877789485794,32.71269568871466,33.70381315503476,34.13025279877061,34.74017729917964,20.459455889525497,21.50494391805743,23.463472009181533,22.956416180142284,22.509950722989466,16.37594869697374,24.8951694626125,57.74231283907036,77.32168206354942,87.13244297792703,32.92533881383257,43.362534821086754,72.82260134750643,84.01329742695641,159.84662101534946,71.11866090732674,91.69173278062257,140.93469578868593,161.6791611568151,207.27069919804035,47.71382502103383,61.35516572405044,87.89086924698707,97.18915512274697,106.61136358822425,119.35520805579493,121.17258987303269,149.1252949432153,149.09534815221326,130.7209251155131,180.25788679823435,202.93054269413386,220.201210381271,245.1915459769107,229.2759113388418,181.18724398598883,199.57735667053555,226.99565231358582,244.10979842169826,233.59919800189908,18.823971778432263,19.999973934825817,29.642520267516822,44.015485236944485,56.48925124937377,37.12501173162727,38.00000342673236,49.60460693458131,66.0595978540036,84.55823993253527,5.000000022556202,5.000000163877365,8.18518410058251,50.95534621067523,56.26685607253117,25.589995735234368,25.999998639450013,30.000050187908883,61.47124817589145,65.37157200516373,32.00000546289356,33.287744603299444,38.25133368498909,67.47765231639923,85.80949919108485,-22.638680190547102,-12.389598591746385,-3.5088088138840137,13.39205041099899,25.80994033055901,-2.413395645114016,2.139438648163569,8.30811991867682,16.424246323918986,25.379971888447084,-9.87801974583631,-4.133299455238985,4.120190785151035,9.504963354158477,37.429464798606666,16.446502239033457,17.30734456911746,24.80406009046913,30.70380962761617,40.13490686110125,24.212734055957224,24.83662788250119,27.781973515248787,30.7730549939527,37.95775797640625,11.140351073032226,12.369591770347839,14.957988286314308,21.070429137452393,29.444135292246937,45.33342481786696,50.868786127810644,74.73026735962219,109.33165596145727,122.29275958921569,42.780002352162725,57.22418441411011,88.43974657890266,135.31632698210615,152.51273997808988,41.43997065126881,47.24258468569709,71.44770429066098,109.47970321386072,178.11026313062044,16.768721075389145,20.249467031829038,28.08436185092574,38.25626008540934,45.97686592028812,5.783536659055724,11.100769293857894,21.00000173192091,31.732282276649645,35.27656865909886,28.68156672315672,33.43192971452589,43.20484376440013,55.70737350168005,63.335576365493985,9.043176765583455,9.000128159008156,46.003873078416426,54.37061105553058,57.97875800839829,10.638957857131285,12.00002013299573,39.18026000303714,46.8875873831807,46.50862083772766,14.116008727747387,16.560470219759992,65.45488759778416,76.55369851692433,80.05537615167849,7.06507578008927,7.64792524169242,25.397735230133108,29.999999306710055,32.128095567168295,4.0000084549127966,4.390062850126983,5.000001752043286,13.447256739128878,12.603476091922257,5.999999303681681,7.000000226394022,8.288792700650617,11.028229944061549,12.107190061323516,16.06083086125257,17.47255047131721,44.454035472223374,51.95516853106089,64.24833161907908,8.000000776057746,9.58999931143078,27.784351019407026,31.346131128070127,31.939640309879923,10.867337240567768,11.353421547011582,33.54233433048428,38.765616964914,44.78270554181089,23.7121503218875,27.31271303260199,34.31628605086506,40.39217409413956,44.94768624267204,3.0000046629472914,4.000000066761987,37.20870155232632,42.618140782168425,43.96890866833277,0.84177011063138,13.981658125785271,33.10597548830925,34.44532932492478,48.28522777936626
16,14.62545205663765,17.805656665784074,22.32466046322547,44.848516312343136,89.17897032575767,53.843650904355755,54.46135026009222,55.65278865265483,57.870598460451774,60.240894555922154,24.056250623836707,26.35326016715207,30.699569180174645,39.50066484990898,48.29689633483207,23.427116488457667,28.127144837504353,60.88797796112414,90.14469200995325,105.87610221554888,47.70939468624332,49.54078010371592,73.98517666801659,93.56191977450811,192.7687347823966,103.05228877800782,105.54762412222705,143.79018274438846,184.44592442673965,204.02715815508367,67.92682306352167,70.00929849972204,85.6255250857318,111.35504829029774,126.89021758965485,80.41176005155857,91.69357731759253,123.37177184449394,148.5356109750998,148.31207237958589,165.4288192627826,184.47336685228748,209.96332671603884,243.76579207482908,239.46458524543067,161.81630257463533,183.23154768190938,210.18501683047413,244.68459818373248,241.75033235784468,17.68168313399887,20.000001042860678,26.48946088802726,46.386514184521815,62.17365633594309,36.11693111394689,38.00000672664839,44.84518426222711,65.9985006976621,80.2477545455662,5.000000019010395,5.000000226430217,6.11111074480198,51.04836882484071,64.84000551705618,25.03000318243145,26.000003538660582,30.000001893010193,59.27184667277037,70.7103963866432,32.00000051989117,32.447887920771066,37.85427151859815,65.94143774771337,84.17102543382347,22.7950025119283,24.796441365865277,34.08286076883965,42.863113500765714,53.07531678953743,24.362329831996284,25.629094157979452,30.874536252842866,37.236452667268566,44.45728483444043,14.995043268321067,16.08097373761419,20.342097505166414,24.010754502321518,55.963966420213374,31.012458519140715,32.805654445310374,38.90804243400367,43.21230014908548,50.034202533435995,22.085859047426023,22.14423425852951,24.38352815884165,26.198800271828166,28.52618605486041,7.2105263381605305,7.266226549075631,8.347167251610493,10.644606308264118,16.02499988935888,37.024111877709764,42.88190436014872,72.16739377529328,96.54887905658168,103.71714548925091,19.26000197368068,21.88784001397177,66.00465280075551,102.74489751464623,113.92874562824554,32.48000728071953,38.1379217504572,67.14322569282344,99.17372630204082,112.38740241573916,15.0727716732751,18.070250871724394,27.001239488944407,36.121163462992385,41.44383094843842,7.155270227359318,10.861302755387937,21.000000064301517,30.109913554120965,36.15368932179766,23.240812229830773,30.684539413249226,42.12345376921656,54.45085383428534,64.20666348596217,8.005778666352434,9.000006708555606,45.79753163854455,54.65946549102496,59.04144060565595,9.083337378125645,12.000001122791542,37.143762385382594,46.399661674348266,49.37554978512283,14.694416671145587,17.213684993721408,65.65181100983436,74.35361038918282,78.38118548633058,6.716794315084915,7.177535547347421,26.61509846110333,29.99999977917695,33.45861950501962,3.999966772745086,3.787643840006956,5.000000088140775,14.92086820898562,18.860419688891778,5.999999957323565,7.000000654778409,8.197551196565284,12.797107316433241,14.701932557713786,16.754691668937447,18.82821242492737,46.87204313220919,55.21513870822591,66.80467757257829,8.000000243793234,9.030000195870997,26.57652594755494,33.14413082046458,35.43126810572411,11.537067795706978,11.682130406548115,32.564143838845354,42.122900884398035,48.757236841144426,23.62611075102057,27.58991457087624,35.86047373679493,46.540158888056794,58.161817428130796,3.000000399815437,4.000000087664236,35.67349246415263,44.99618965768914,48.47836888096299,12.089548147370156,15.12403329861345,33.49891067047988,42.229691438948215,60.39987901291244
17,9.271098667006209,12.913976170136294,16.647503508659963,47.39266112930876,118.57215692788449,40.501681221167516,40.92533629738982,42.612672660311226,45.92880063720549,49.57066824679136,22.197535543291384,23.9357945911784,27.87673845451704,39.26829888085881,58.34975580102081,17.828042653902102,21.551724047744386,49.643913320249595,74.72213172895563,83.06396829738377,36.90982128374992,40.20628859010645,59.54009391250543,82.44099161706919,153.67056004709934,79.72521512179173,85.56520585986155,112.0857309212833,156.51567923944677,209.74942359841623,51.36301410719009,55.75811116426931,68.65504705571365,92.2217080833055,104.93357926314386,82.55068222895255,96.31840593822035,133.21340988031506,168.0704855108128,171.23036536739818,176.3829101776874,189.23944300047629,219.63985075852048,241.10201478874478,250.12645078022578,165.5994202258672,188.29049605008305,216.60217876936198,247.45307974850795,262.93993737745575,18.363158779642703,20.00000108634973,26.99551844048062,44.66822460140038,56.41073378159781,35.70560913929106,38.00000085858772,45.24899786685413,66.9610115886986,81.74096003964289,5.00000001561955,5.000000163006361,6.00000598352792,50.2786726444303,60.97281196640965,25.000003372731655,26.00000026087932,30.000000133740905,61.071144549308144,63.59946479811633,32.000000510607634,33.01906674806435,37.25774475546449,66.10835026587226,94.34540341769,5.270077656919987,6.425269338554004,15.851905179022513,35.108121012136024,48.878267291599876,12.474384685927724,14.921808161160287,22.51809625132423,34.14861314358441,55.306584322058235,8.394540281645458,8.795694323088455,13.527151253753305,22.157875011414152,51.71823504872168,21.56428172143298,22.758366285208727,30.136945706258143,39.72597260208427,44.944613709131424,22.000856611191207,22.000004725894293,24.998091397868553,27.85868509904649,33.97312549752841,7.000000198870944,7.858173220147367,8.895471633030873,12.883998192210843,22.003499446809293,38.35779091667109,43.70236668204051,75.0890969471944,97.79701571890037,109.67695509243354,18.00000279412283,21.638827602222637,67.59310468898317,101.00000031834517,120.04814454411284,32.000028376642575,37.14760423854354,73.76452729290699,97.32961958812909,108.78291897188417,14.496642048315858,19.815870536723065,27.129321976793985,35.95913214518005,47.572364617752164,8.55641528000073,9.87652223317686,20.99999952335781,34.08108564089841,37.63288314728614,28.012567540258168,33.7508143557729,44.85501910046821,57.592600442030744,64.40856371759017,8.095638245134497,9.000000806534553,45.6315285949219,53.052815311958696,57.8213084988296,9.000000310071337,11.999999460694124,39.24147959927231,48.8047890049827,53.63420597585327,13.877097805681467,18.060521011850064,62.78577375080228,75.35517242933749,79.50028450724567,6.469181606551714,7.7618043370322996,24.375595628441236,29.999999340775062,32.17082887988886,4.000000136834887,4.791433357235986,5.0000017661258,14.999975749731425,18.61904935605039,6.00000014685512,7.0000001697677225,8.902819857225447,13.425296209365232,16.890737041065172,16.920299250297216,19.227237552095804,46.048103831905614,56.8966506879957,72.4744332964054,8.00000059588491,9.000001115402835,27.440848346733294,33.998067706895064,36.92440156411779,8.893838768799322,12.45116228246835,34.778401174217166,44.416118818506504,51.69995155295663,23.267599928443715,29.281537847413887,38.072679419710106,44.69842636931175,57.37074971315805,3.0000001622171517,4.000000137974181,36.29330149102184,43.28245798945667,52.87431916316207,13.084103776034855,14.870086233341135,34.421357127455195,43.999996879891526,61.53283752072363
18,16.59872019053692,19.457987480454136,24.76807180017399,52.92147354614264,106.90113577649316,58.665596293476796,59.362596897130146,60.588860472805706,63.15728067751879,65.87825396139165,24.869479070167678,27.257625394598005,32.11147253178589,42.593453904089394,53.60648028843039,22.011881228530374,26.275861260830396,57.10294592907003,86.63232082411915,102.49689887845491,44.81734671376539,46.32091385500499,69.52912291081022,89.55246648919756,186.401463708949,96.80546864036023,98.8100809601413,135.17021177856589,176.94986673352543,193.2807378487045,63.82876696697428,65.46635433383541,79.86195557217565,106.93116244143663,122.45342602152198,79.11336804200248,91.07544795060076,124.32957115955824,154.90340472087593,158.30889940085618,164.93966129673217,183.91531071743725,210.328075141985,245.66893564772,244.56582024939524,161.6243055258098,182.85267057023165,210.37935030233302,247.38992475867238,246.71264150450344,17.65978280695751,20.000004404068385,26.27800661922261,46.62889268499704,62.26525978581631,36.07975377569973,38.0000069830713,44.53070726842897,65.87964411876304,80.1691100365591,5.000000019123079,5.0000002375211885,5.99999979603846,51.037461498145966,65.37672449657532,25.000004321533524,26.000004138868906,29.99999926497039,59.01466402039171,71.35209863614918,32.000000324734664,32.46422943038408,37.867409064552035,66.03028076704274,83.94367033330796,30.43785019842373,31.94243896551896,40.986022429277405,49.00408508006738,58.745519873049304,28.9141254637605,29.958449153747413,34.92347553019458,41.07151428987368,48.36402247890824,18.391210313364716,19.206882001594337,23.096688850253376,26.60531640422492,58.47953735304395,34.4027873575863,36.25774560162666,42.091459396568574,46.183116608283534,52.7170823285377,21.969025406631474,21.999998789600287,24.149775770647445,25.86886149377933,27.74726107499578,7.000000009347536,6.968750617015976,7.956423409016007,9.884346929502973,14.798357133567334,36.51475309318039,42.406467405097615,71.8352333843297,95.85807173901631,102.69696779280247,18.000001762414392,19.986457221742832,64.44450981594362,100.99999948352736,111.46582641636255,32.00001305241889,37.57564643141727,66.66041284011361,98.64538008503357,108.82025794485799,15.10843158873256,18.011816078057272,26.939015527427024,36.00071908323516,40.87057780974206,7.2639786533823125,10.852880169608827,20.999999992596948,30.02389042943136,36.172878668956194,23.104957251995803,30.651429454728394,42.07926143441989,54.2398633010871,64.10078519579808,7.9288194721326395,9.00000017040647,45.72318945583718,54.69645934145856,59.06111563667655,9.000000576081224,12.000000024997316,37.02797501727341,46.27039794667925,49.70621916246016,14.777581566217794,17.301239021723415,65.69357933310215,74.19668178088293,78.50478066007562,6.629593544710534,7.120421147982052,26.710828131420172,29.999999833849486,33.55354759231591,3.999964171296915,3.7447792534274145,5.000000047401245,14.999819776550634,19.58333253558526,6.000000049801073,7.000000704776038,8.194603788071863,12.9585269373478,14.93860585369195,16.796778982238287,18.94601663299823,46.930631987782206,55.46602829107518,66.72419106136616,8.000000187374791,9.000000346356737,26.442509512702607,33.26310679792137,35.89157669559394,11.505115918140733,11.677297230713199,32.45135068789542,42.477320090592514,49.13725338079276,23.795252998611563,27.635316130661774,35.99415145051641,47.145223283938854,59.10941388958259,3.0000001760701562,4.000000095011306,35.5141489929392,45.18396404371923,49.165474751930354,12.638826407801036,15.192968149972149,33.4994444330554,43.17665124566397,60.97710232247979
19,16.64956999338629,19.271207817836675,25.125874615151382,67.33725025415254,151.87521043527923,58.86547206122328,59.53041666585205,61.09147399051914,64.82461344093193,68.81493888892716,25.121950408622226,27.20564395697376,32.629189350881006,47.04456404708576,67.66602309402235,14.432883690934569,17.718390907819916,41.40748484249676,67.66680317496234,78.67209189189607,29.641166163239603,32.56057755583795,50.748859099139345,72.42027773341695,144.11546965817627,64.02491912705355,69.61433362017246,96.58295818990082,140.05266958352294,172.2610160325094,41.712329010631734,45.4394239989554,57.139230425767025,83.51829823493162,96.4416757814475,83.3636833358137,96.8644081265802,136.1833978644079,180.93335293947712,191.86038311795127,172.40450587424053,188.22114777168295,218.3200510249875,248.75088133781668,260.9049636597419,166.3509809452426,187.41449789216753,217.11805208621038,255.14066621216944,269.1034358789835,18.177838880014967,20.000008001355297,26.568154828861346,45.83347872045741,58.28246669969084,35.913009158871134,38.000003688803965,44.77236252712237,66.1684673076486,81.51276043122073,5.000000017980103,5.000000216970852,6.000003713559396,50.55502473128079,63.06612017571882,25.000005910467785,26.00000288170574,29.99999964713398,59.79598678749574,67.91724732605572,32.000000632574455,32.96038974484772,37.615860728279614,66.56883684265968,89.52615252333122,30.980997531373013,32.12586926265083,40.626746177026725,54.16751329171885,65.20998478670586,28.446562789661098,30.16438116904374,35.97724829410822,44.934022118854706,60.67944025850624,18.591661586230114,19.10917131314691,23.02913873514227,29.288573042733663,58.9810533816739,34.54389074142133,36.05266539382623,42.21577538390863,49.10389467397345,54.45368502682633,21.978993695633257,22.00000192777657,24.488788352461164,26.768937814660603,30.540231159609075,7.000000107637526,7.411058096495709,8.391197495339885,11.028447959037772,17.47956572398543,37.38999718816886,43.01491325078874,73.1454209128279,96.95637497073734,106.64093395336737,18.000001805160963,20.913093590108677,65.2228187126813,100.99999989484208,115.26204557708911,32.00003285769288,37.11439315776329,70.02058172791823,97.95683290706148,108.6652925662674,15.121329065357406,19.218042229552108,27.03640338825626,35.959298711234446,43.77370173007168,8.109233741230241,10.303799182332863,20.999999773458143,32.36093791584234,36.9327711251532,26.3776137702167,32.763821283129396,43.716042499845145,55.75458422977895,63.837883134695815,7.9631251490745205,9.000000444490459,45.487900551559626,53.81278869705941,58.240282987058166,9.000000449934898,11.999999471308103,38.28231562746099,47.43121645908361,52.47713471275326,14.40995344431903,17.889729304239463,64.11049565804733,74.75058544244082,79.69278109080243,6.339589259061024,7.39741335053377,25.45516531443083,29.99999963482885,32.8261567929608,3.9999838027910357,4.316464855664016,5.000001175942463,14.999932874367017,20.146825389850846,6.000000271385254,7.000000474954343,8.607703626917184,13.419371458181718,16.343564853302695,16.88203192577857,19.2381444454456,46.218191730694514,56.50912847265098,69.40567670111338,8.00000034194181,9.00000108625574,26.81702515938765,33.751342822251374,37.27403740480326,9.806956091542565,12.05784060525594,33.616130664836156,44.09640435009136,51.09378009916564,23.99281248712429,28.670663062251503,37.337091444950296,46.532603406333145,58.80037741570399,3.0000001814735313,4.0000001376938386,35.74008095675,44.26400712591095,52.58459416885205,12.741351837393262,15.029498320625862,33.97072942763351,45.1789542261651,61.0898387891175
20,22.2034003248218,24.108325924167,31.060436002128824,79.87107844585142,168.40121504577357,73.01949527362622,73.80111309155562,75.19483309255382,78.98615251217957,82.97068561816602,27.327621589408412,29.532536787728464,35.9625582198978,51.56928609667903,71.80459900767669,10.048360407878562,13.612516981959669,33.19693551191969,58.962149155295506,71.63042904880258,20.283978633726452,24.33696103539546,42.427579120158235,61.36057427399405,129.9612831928038,43.81338114192586,52.297341803116225,81.90098636282583,120.83593492621004,136.77374462997045,29.233246508146685,34.320544224550254,46.86883191723985,73.07580395316647,85.17857670816144,91.00576703318193,102.51759799756034,143.3864593404483,192.94078881066406,208.0204658682109,170.9841798031061,190.41624445055476,218.66157237128397,256.3942061139846,269.19946351996794,170.4261739657187,189.3650870112279,220.4560311730427,262.3485510768326,273.1071855129063,18.188076537639127,20.000009820309682,26.706886093352708,46.56712922980362,59.19315140641848,36.29958842911741,38.00000594366446,45.15105991517923,65.39867913350872,82.0263863424638,5.000000020945575,5.000000258980569,6.370371642849745,50.82011849536094,63.6356722333734,25.10000701796647,26.00000459600488,30.000007786800538,58.924772664770664,71.26337396005044,32.00000162664524,33.04076909671192,38.042535108520326,67.27921609073785,84.9764615102238,47.948197876938366,50.56472728469765,58.10311253058217,67.37850855721601,76.12032054249876,39.26564107341712,40.84143135793445,45.057480932834984,51.64815539163573,62.210726343735935,24.097451234171146,25.56785819610085,29.407985346036416,33.591151507492754,62.74737052361462,44.60741690722902,46.265437678065354,51.48305353060864,55.95052324466403,61.92366183707615,22.337206957678998,22.48078369456057,24.59015171607232,26.49981496183118,28.804549480154048,7.701754433093248,7.875000635007497,9.068728543216116,11.050762082753378,15.393871311843396,37.90749257549363,43.755071884227625,71.67350004117668,98.39126293722228,106.89687042626701,22.200000906458524,26.491818060787224,66.89635106894136,106.81632616190255,117.38650209560186,33.60003019819298,38.71927092268644,67.05167059342917,100.426451835899,120.2905642190058,16.033551133704023,18.993740916335994,27.136710129049707,36.34175755700119,40.803554696109515,7.406833224469065,10.77722430840865,21.000000320789336,30.913722619272658,36.07395494966787,25.67215863522142,32.2386426740801,42.75684374321025,54.1474285265203,63.13187913577519,8.018189789780465,9.000021771907145,45.39041168053622,54.52489478184762,58.47982952018792,9.277789960826613,12.000002890102191,37.67867001131156,46.14890088438796,50.76704284647467,14.835866423122246,17.5917710373148,65.40758822412121,74.53962071238828,80.15010634555492,6.282504973606194,7.118884564005128,26.32263372436131,29.99999984240054,33.24623398666667,3.9999748162991238,3.946267915279694,5.000000869012304,14.736743312954559,20.506623989486723,6.000000270699963,7.000000702028757,8.32570057378714,13.086268993159406,15.311274081324774,16.718661336674558,18.999449627636128,45.97010984307792,55.522855185433244,65.88746340410508,8.000000185300667,9.10000088149081,26.414552681144702,33.17733857230685,36.957431897636404,10.620751719475567,11.605806736875406,32.627494693229764,43.14462454424849,49.7438123764324,24.711075927157236,27.999227594821193,36.31004674719938,47.24012489266161,57.84370494607004,3.0000009614070597,4.0000001326273,35.46866940791964,44.820202129734525,51.4116193022404,10.395747154166715,14.985150061029527,33.44904157742514,44.8898076125479,58.49134079797105
21,20.156762898515556,22.328557361858355,29.109687229001963,74.6143208426609,160.8009857886689,67.58298012120126,68.36781918735714,69.81705955361012,73.56914323722268,77.52960969083925,26.47615963625692,28.771392266214583,34.81333149131206,50.062301536756834,69.93482131250678,13.984900331156645,17.21264373289883,39.90553483314816,67.232089091311,80.25601222026009,28.520129820623985,31.04145007555622,49.458589797270825,70.28999712468536,146.08824439810027,61.60348010842627,66.52038669588069,95.15159293989626,137.90307988947026,157.6452140237626,40.52739736346074,43.61385064556642,55.15931668704267,82.98467899838789,96.40982487653618,83.09516556735593,96.23128124986779,135.76922663677297,183.04468478871095,196.5113430748097,169.35740217345509,187.07164947050654,216.45814677875177,251.9191895494001,263.51862009552025,165.97969106724167,186.29328932628513,216.3240267890517,257.6070242779188,268.58476916973666,18.009617965462535,20.000010740541338,26.319792634149056,46.511328073558566,59.788689493521815,36.03754143200973,38.00000554540017,44.50801018370809,65.746340695204,81.19672265636271,5.00000001928101,5.000000245849982,6.000002027692155,50.7611165166154,64.41988048682879,25.0000068742502,26.00000432422495,29.9999993563508,59.06795457686839,70.50419919623519,32.000000643178645,32.855878914861,37.82527798812649,66.70510931656102,86.36892571381439,43.145646576175906,44.34110637288656,52.484699564913946,62.45052279865989,71.99280376270562,36.1277133781683,37.3940339436263,42.226472989198236,49.47611076836919,61.33875067201948,23.418551092263804,24.037498088331485,27.566225242773037,32.27154810415729,62.3636123402563,40.70549038480379,42.41759682249095,47.950841945619665,53.12077796621302,58.715765128606094,21.967040285702762,22.000000110556694,24.193851149149964,26.110909836246357,28.473874644930614,7.000000049008563,7.129808253655929,8.08388000327186,9.967945117429295,14.910692431032658,36.79389843101317,42.593533167804985,72.0173085375056,96.38643271600122,104.58604546183636,18.000001327432397,20.42438012277703,63.97354206452485,100.99999962962299,112.39623274169166,32.00003193646883,37.16974314801441,67.71852426528173,98.36187477785886,108.6331675621431,15.416934399595288,18.747121167768675,26.977110824128463,35.96576923222674,41.51609953027421,7.765777374888339,10.592073463061904,20.9999999264169,31.180867802292692,36.481992362936374,25.093764678388833,31.96768402289249,42.92088844054931,54.645247729042964,63.60658174164894,7.89470370037785,9.000000229724623,45.455782528779785,54.311183882984324,58.566533375531435,9.000000536029072,11.999999561798848,37.631833354494944,46.59774405081802,51.49836337265618,14.720526279173749,17.717561482569625,64.98585163623324,74.37709807510382,79.60117610841334,6.322600311288362,7.181080736335934,26.163211830529622,29.999999805622416,33.25058578719995,3.999972992252924,4.001982841669529,5.000000720650197,14.999894997907244,20.78769745289187,6.000000296519842,7.000000655804101,8.403371467867553,13.345440571393109,15.866111410625996,16.85064716437814,19.19826502307188,46.40914976599196,56.16356575351258,67.52999428255205,8.000000197115828,9.000000958203776,26.462053435784235,33.55847034984322,37.22728693279819,10.50398352460951,11.81174770039394,32.882709439220285,43.69427020663196,50.503112931497725,24.307813928318808,28.219893465204567,36.77944791651801,47.50091661334742,59.52912389686608,3.0000001898133597,4.000000130974364,35.441670205282065,44.87355803489542,51.91900101954191,12.562248128330971,15.130664263362997,33.683334988841736,45.43164348013884,60.86140282221011
